source_table_index,source_row,norm_code,resource_category,resource_code,resource_name,unit_raw,quantity_per_work_unit_raw
33,2,27-14-001-01,labor_operator,2,Машинистлар меҳнати харажатлари,киши-с,"0,21"
33,2,27-14-001-02,labor_operator,2,Машинистлар меҳнати харажатлари,киши-с,-
33,4,27-14-001-01,machine,00107,Автогрейдер ўртача турдаги 99 кВт (135 о.к.),маш.-с,"0,21"
33,4,27-14-001-02,machine,00107,Автогрейдер ўртача турдаги 99 кВт (135 о.к.),маш.-с,-
33,6,27-14-001-01,material,45046,Грунт,т,115
33,6,27-14-001-02,material,45046,Грунт,т,"11,5"
34,2,27-14-002-01,labor_operator,2,Машинистлар меҳнати харажатлари,киши-с,"1,07"
34,2,27-14-002-02,labor_operator,2,Машинистлар меҳнати харажатлари,киши-с,"0,36"
34,4,27-14-002-01,machine,00258,Бошқа тур қурилиш ишлари учун бульдозерлар 79 кВт (108 о.к.),маш.-с,"1,07"
34,4,27-14-002-02,machine,00258,Бошқа тур қурилиш ишлари учун бульдозерлар 79 кВт (108 о.к.),маш.-с,"0,36"
35,2,27-14-003-01,labor_operator,2,Машинистлар меҳнати харажатлари,киши-с,"1,48"
35,2,27-14-003-02,labor_operator,2,Машинистлар меҳнати харажатлари,киши-с,"1,25"
35,4,27-14-003-01,machine,00625,Пневмоғилдиракли каток 16 t,маш.-с,"1,48"
35,4,27-14-003-02,machine,00625,Пневмоғилдиракли каток 16 t,маш.-с,-
35,5,27-14-003-01,machine,00626,Пневмоғилдиракли каток 30 t,маш.-с,-
35,5,27-14-003-02,machine,00626,Пневмоғилдиракли каток 30 t,маш.-с,"1,25"
36,2,27-14-006-01,labor_operator,2,Машинистлар меҳнати харажатлари,киши-с,"0,65"
36,4,27-14-006-01,machine,107,Автогрейдер ўртача турдаги 99 кВт (135 о. к.),маш.-с,"0,65"
37,2,27-14-008-01,labor_worker,1,Қурувчи ишчилар меҳнати харажатлари,киши-с,"0,72"
37,2,27-14-008-02,labor_worker,1,Қурувчи ишчилар меҳнати харажатлари,киши-с,"0,93"
38,2,27-14-010-01,labor_worker,1,Қурувчи ишчилар меҳнати харажатлари,киши-с,"1,84"
38,4,27-14-010-01,material,26634,Кўпйиллик майса уруғлари,кг,"1,2"
39,2,27-14-011-01,labor_worker,1,Қурувчи ишчилар меҳнати харажатлари,киши-с,"0,28"
39,3,27-14-011-01,labor_operator,2,Машинистлар меҳнати харажатлари,киши-с,"0,28"
39,5,27-14-011-01,machine,00534,Тиркама ўроқлар,маш.-с,"0,28"
39,6,27-14-011-01,machine,01856,Пневмоғилдиракли тракторлар 40 кВт (55 о.к.),маш.-с,"0,28"
40,2,27-14-014-01,labor_worker,1,Қурувчи ишчилар меҳнати харажатлари,киши-с,"0,4"
40,2,27-14-014-02,labor_worker,1,Қурувчи ишчилар меҳнати харажатлари,киши-с,"0,91"
41,2,27-14-017-01,labor_worker,1,Қурувчи ишчилар меҳнати харажатлари,киши-с,"4,94"
42,2,27-14-018-01,labor_operator,2,Машинистлар меҳнати харажатлари,киши-с,"0,73"
42,2,27-14-018-02,labor_operator,2,Машинистлар меҳнати харажатлари,киши-с,"0,27"
42,4,27-14-018-01,machine,00426,Тиркама плугли-ҳайдовчи мослама,маш.-с,"0,73"
42,4,27-14-018-02,machine,00426,Тиркама плугли-ҳайдовчи мослама,маш.-с,-
42,5,27-14-018-01,machine,01852,Бошқа турдаги қурилиш ишлари учун пневмоғилдиракли тракторлар 40 кВт (55 о.к.),маш.-с,"0,73"
42,5,27-14-018-02,machine,01852,Бошқа турдаги қурилиш ишлари учун пневмоғилдиракли тракторлар 40 кВт (55 о.к.),маш.-с,-
42,6,27-14-018-01,machine,00258,Бошқа турдаги қурилиш ишлари учун бульдозерлар 79 кВт (108 л.с.),маш.-с,-
42,6,27-14-018-02,machine,00258,Бошқа турдаги қурилиш ишлари учун бульдозерлар 79 кВт (108 л.с.),маш.-с,"0,27"
43,2,27-14-021-01,labor_worker,1,Қурувчи ишчилар меҳнати харажатлари,киши-с,"0,16"
43,4,27-14-021-01,material,43796,Тоғ жинсларини майдалашдаги чиқинди материаллар,м3,"0,204"
44,2,27-14-022-01,labor_operator,2,Машинистлар меҳнати харажатлари,киши-с,"0,82"
44,4,27-14-022-01,machine,01770,Комбинациялашган йўл машиналари,маш.-с,"0,82"
44,6,27-14-022-01,material,43796,Тоғ жинсларини майдалашдаги чиқинди материаллар,М3,"20,4"
45,2,27-14-023-01,labor_worker,1,Қурувчи ишчилар меҳнати харажатлари,киши-с,"69,93"
45,2,27-14-023-02,labor_worker,1,Қурувчи ишчилар меҳнати харажатлари,киши-с,"66,04"
45,3,27-14-023-01,labor_operator,2,Машинистлар меҳнати харажатлари,киши-с,"23,31"
45,3,27-14-023-02,labor_operator,2,Машинистлар меҳнати харажатлари,киши-с,18
45,5,27-14-023-01,machine,00621,Ўзиюрар силлиқ йўл катоклари 8 т,маш.-с,"7,77"
45,5,27-14-023-02,machine,00621,Ўзиюрар силлиқ йўл катоклари 8 т,маш.-с,6
45,6,27-14-023-01,machine,00660,Ички ёнув двигателли босими 686 кПа(7 ат) унумдорлиги 5 м3/мин бўлган кўчма компрессорлар,маш.-с,"7,77"
45,6,27-14-023-02,machine,00660,Ички ёнув двигателли босими 686 кПа(7 ат) унумдорлиги 5 м3/мин бўлган кўчма компрессорлар,маш.-с,6
45,7,27-14-023-01,machine,00913,Кўчма битум қозонлари 400 л,маш.-с,"7,77"
45,7,27-14-023-02,machine,00913,Кўчма битум қозонлари 400 л,маш.-с,6
45,8,27-14-023-01,machine,01199,Кўчма компрессор станциялардан ишлайдиган пневматик зарбаловчи болғалар,маш.-с,"7,77"
45,8,27-14-023-02,machine,01199,Кўчма компрессор станциялардан ишлайдиган пневматик зарбаловчи болғалар,маш.-с,12
45,9,27-14-023-01,machine,01771,Йўл устаси машинаси,маш.-с,"7,77"
45,9,27-14-023-02,machine,01771,Йўл устаси машинаси,маш.-с,6
45,11,27-14-023-01,material,30118,"Суюқ йўл нефть битумлари, МГ ва СГ турдаги",Т,"0,032"
45,11,27-14-023-02,material,30118,"Суюқ йўл нефть битумлари, МГ ва СГ турдаги",Т,"0,04"
45,12,27-14-023-01,material,45059,Асфальтбетон қоришмаси,Т,"11,7"
45,12,27-14-023-02,material,45059,Асфальтбетон қоришмаси,Т,"16,4"
46,2,27-14-024-01,labor_worker,1,Қурувчи ишчилар меҳнати харажатлари,киши-с,"54,39"
46,2,27-14-024-02,labor_worker,1,Қурувчи ишчилар меҳнати харажатлари,киши-с,"42,02"
46,3,27-14-024-01,labor_operator,2,Машинистлар меҳнати харажатлари,киши-с,"15,54"
46,3,27-14-024-02,labor_operator,2,Машинистлар меҳнати харажатлари,киши-с,12
46,5,27-14-024-01,machine,00621,Ўзиюрар силлиқ йўл катоклари 8 т,маш.-ч,"7,77"
46,5,27-14-024-02,machine,00621,Ўзиюрар силлиқ йўл катоклари 8 т,маш.-ч,6
46,6,27-14-024-01,machine,00913,Кўчма битум қозонлари 400 л,маш.-ч,"7,77"
46,6,27-14-024-02,machine,00913,Кўчма битум қозонлари 400 л,маш.-ч,6
46,7,27-14-024-01,machine,01771,Йўл устаси машинаси,маш.-ч,"7,77"
46,7,27-14-024-02,machine,01771,Йўл устаси машинаси,маш.-ч,6
46,9,27-14-024-01,material,30118,"Суюқ йўл нефть битумлари, МГ ва СГ турдаги",Т,"0,032"
46,9,27-14-024-02,material,30118,"Суюқ йўл нефть битумлари, МГ ва СГ турдаги",Т,"0,04"
46,10,27-14-024-01,material,45059,Асфальтбетон қоришмаси,Т,"11,7"
46,10,27-14-024-02,material,45059,Асфальтбетон қоришмаси,Т,"16,4"
47,2,27-14-025-01,labor_worker,1,Қурувчи ишчилар меҳнати харажатлари,киши-с,"22,8"
47,2,27-14-025-02,labor_worker,1,Қурувчи ишчилар меҳнати харажатлари,киши-с,"28,16"
47,3,27-14-025-01,labor_operator,2,Машинистлар меҳнати харажатлари,киши-с,"17,1"
47,3,27-14-025-02,labor_operator,2,Машинистлар меҳнати харажатлари,киши-с,"21,12"
47,5,27-14-025-01,machine,00660,Ички ёнув двигателли босими 686 кПа(7 ат) унумдорлиги 5 m3/мин бўлган кўчма компрессорлар,маш.-с,"5,7"
47,5,27-14-025-02,machine,00660,Ички ёнув двигателли босими 686 кПа(7 ат) унумдорлиги 5 m3/мин бўлган кўчма компрессорлар,маш.-с,"7,04"
47,6,27-14-025-01,machine,01199,Кўчма компрессор станциялардан ишлайдиган пневматик зарбаловчи болғалар,маш.-с,"5,7"
47,6,27-14-025-02,machine,01199,Кўчма компрессор станциялардан ишлайдиган пневматик зарбаловчи болғалар,маш.-с,"7,04"
47,7,27-14-025-01,machine,01771,Йўл устаси машинаси,маш.-с,"5,7"
47,7,27-14-025-02,machine,01771,Йўл устаси машинаси,маш.-с,"7,04"
47,8,27-14-025-01,machine,01772,Термос-бункерлар 3 m3 ҳажмли,маш.-с,"5,7"
47,8,27-14-025-02,machine,01772,Термос-бункерлар 3 m3 ҳажмли,маш.-с,"7,04"
47,10,27-14-025-01,material,06126,Қуйма асфальт,Т,"12,9"
47,10,27-14-025-02,material,06126,Қуйма асфальт,Т,"12,9"
47,11,27-14-025-01,material,43796,Тоғ жинсларини майдалашдаги чиқинди материаллар,М3,"1,3"
47,11,27-14-025-02,material,43796,Тоғ жинсларини майдалашдаги чиқинди материаллар,М3,"1,3"
48,2,27-14-027-01,labor_worker,1,Қурувчи ишчилар меҳнати харажатлари,киши-с,"5,1"
48,3,27-14-027-01,labor_operator,2,Машинистлар меҳнати харажатлари,киши-с,"1,02"
48,5,27-14-027-01,machine,00913,Кўчма битум қозонлари 400 л ҳажмли,маш.-с,"1,02"
48,6,27-14-027-01,machine,00464,Қўлга мослашган гудронатор,маш.-с,"2,04"
48,7,27-14-027-01,machine,01771,Йўл устаси машинаси,маш.-с,"1,02"
48,9,27-14-027-01,material,30153,"Суюқ йўл нефть битумлари, МГва СГ турдаги",Т,"0,1061"
48,10,27-14-027-01,material,43111,Қум,м3,"0,02"
49,2,27-14-028-01,labor_worker,1,Қурувчи ишчилар меҳнати харажатлари,киши-с,"108,78"
49,2,27-14-028-02,labor_worker,1,Қурувчи ишчилар меҳнати харажатлари,киши-с,"185,4"
49,2,27-14-028-03,labor_worker,1,Қурувчи ишчилар меҳнати харажатлари,киши-с,"93,93"
49,3,27-14-028-01,labor_operator,2,Машинистлар меҳнати харажатлари,киши-с,"72,52"
49,3,27-14-028-02,labor_operator,2,Машинистлар меҳнати харажатлари,киши-с,"123,6"
49,3,27-14-028-03,labor_operator,2,Машинистлар меҳнати харажатлари,киши-с,"62,62"
49,5,27-14-028-01,machine,00913,Кўчма битум қозонлари 400 л ҳажмли,маш.-с,"36,26"
49,5,27-14-028-02,machine,00913,Кўчма битум қозонлари 400 л ҳажмли,маш.-с,"61,8"
49,5,27-14-028-03,machine,00913,Кўчма битум қозонлари 400 л ҳажмли,маш.-с,"31,31"
49,6,27-14-028-01,machine,00660,Ички ёнув двигателли босими 686 кПа(7 ат) унумдорлиги 5 м3/мин бўлган кўчма компрессорлар,маш.-с,"36,26"
49,6,27-14-028-02,machine,00660,Ички ёнув двигателли босими 686 кПа(7 ат) унумдорлиги 5 м3/мин бўлган кўчма компрессорлар,маш.-с,"61,8"
49,6,27-14-028-03,machine,00660,Ички ёнув двигателли босими 686 кПа(7 ат) унумдорлиги 5 м3/мин бўлган кўчма компрессорлар,маш.-с,"31,31"
49,7,27-14-028-01,machine,01199,Кўчма компрессор станциялардан ишлайдиган пневматик зарбаловчи болғалар,маш.-с,"36,26"
49,7,27-14-028-02,machine,01199,Кўчма компрессор станциялардан ишлайдиган пневматик зарбаловчи болғалар,маш.-с,"61,8"
49,7,27-14-028-03,machine,01199,Кўчма компрессор станциялардан ишлайдиган пневматик зарбаловчи болғалар,маш.-с,"31,31"
49,8,27-14-028-01,machine,01771,Йўл устаси машинаси,маш.-с,"36,26"
49,8,27-14-028-02,machine,01771,Йўл устаси машинаси,маш.-с,"61,8"
49,8,27-14-028-03,machine,01771,Йўл устаси машинаси,маш.-с,"31,31"
49,10,27-14-028-01,material,30118,"Суюқ йўл нефть битумлари, МГва СГ турдаги",Т,"0,0515"
49,10,27-14-028-02,material,30118,"Суюқ йўл нефть битумлари, МГва СГ турдаги",Т,"0,0515"
49,10,27-14-028-03,material,30118,"Суюқ йўл нефть битумлари, МГва СГ турдаги",Т,"0,0515"
49,11,27-14-028-01,material,41685,Қора чақиқтош,Т,-
49,11,27-14-028-02,material,41685,Қора чақиқтош,Т,"6,63"
49,11,27-14-028-03,material,41685,Қора чақиқтош,Т,-
49,12,27-14-028-01,material,45059,Асфальтбетон қоришмаси,Т,"12,4"
49,12,27-14-028-02,material,45059,Асфальтбетон қоришмаси,Т,"16,49"
49,12,27-14-028-03,material,45059,Асфальтбетон қоришмаси,Т,"11,2"
50,2,27-14-029-01,labor_worker,1,Қурувчи ишчилар меҳнати харажатлари,киши-с,"110,01"
50,2,27-14-029-02,labor_worker,1,Қурувчи ишчилар меҳнати харажатлари,киши-с,"148,32"
50,3,27-14-029-01,labor_operator,2,Машинистлар меҳнати харажатлари,киши-с,"73,34"
50,3,27-14-029-02,labor_operator,2,Машинистлар меҳнати харажатлари,киши-с,"98,88"
50,5,27-14-029-01,machine,00660,Ички ёнув двигателли босими 686 кПа(7 ат) унумдорлиги 5 м3/мин бўлган кўчма компрессорлар,маш.-с,"36,67"
50,5,27-14-029-02,machine,00660,Ички ёнув двигателли босими 686 кПа(7 ат) унумдорлиги 5 м3/мин бўлган кўчма компрессорлар,маш.-с,"49,44"
50,6,27-14-029-01,machine,01199,Кўчма компрессор станциялардан ишлайдиган пневматик зарбаловчи болғалар,маш.-с,"36,67"
50,6,27-14-029-02,machine,01199,Кўчма компрессор станциялардан ишлайдиган пневматик зарбаловчи болғалар,маш.-с,"49,44"
50,7,27-14-029-01,machine,01771,Йўл устаси машинаси,маш.-с,"36,67"
50,7,27-14-029-02,machine,01771,Йўл устаси машинаси,маш.-с,"49,44"
50,9,27-14-029-01,material,09219,Сув,М3,"0,158"
50,9,27-14-029-02,material,09219,Сув,М3,"0,158"
50,10,27-14-029-01,material,43102,Йўл бетони,М3,"5,2"
50,10,27-14-029-02,material,43102,Йўл бетони,М3,"10,2"
50,11,27-14-029-01,material,43111,Қум,М3,"0,224"
50,11,27-14-029-02,material,43111,Қум,М3,"0,224"
50,12,27-14-029-01,material,44849,Цемент маркаси лойиҳа бўйича,Т,"0,0998"
50,12,27-14-029-02,material,44849,Цемент маркаси лойиҳа бўйича,Т,"0,0998"
51,2,27-14-030-01,labor_worker,1,Қурувчи ишчилар меҳнати харажатлари,киши-с,"9,44"
51,3,27-14-030-01,labor_operator,2,Машинистлар меҳнати харажатлари,киши-с,"9,44"
51,5,27-14-030-01,machine,00913,Кўчма битум қозонлари 400 л ҳажмли,маш.-с,"4,72"
51,6,27-14-030-01,machine,00660,Ички ёнув двигателли босими 686 кПа(7 ат) унумдорлиги 5 м3/мин бўлган кўчма компрессорлар,маш.-с,"4,72"
51,7,27-14-030-01,machine,01199,Кўчма компрессор станциялардан ишлайдиган пневматик зарбаловчи болғалар,маш.-с,"4,72"
51,8,27-14-030-01,machine,00464,Қўлга мослашган гудронатор,маш.-с,"4,72"
51,9,27-14-030-01,machine,01771,Йўл устаси машинаси,маш.-с,"4,72"
51,11,27-14-030-01,material,30118,"Суюқ йўл нефть битумлари, МГ ва СГ турдаги",Т,"0,0033"
51,12,27-14-030-01,material,43111,Қум,М3,"0,0249"
51,13,27-14-030-01,material,58248,Йўл ишлари учун чокбоп битум-резина мастикаси,Т,"0,146"
52,2,27-14-031-01,labor_worker,1,Қурувчи ишчилар меҳнати харажатлари,киши-с,"40,8"
52,3,27-14-031-01,labor_operator,2,Машинистлар меҳнати харажатлари,киши-с,"13,6"
52,5,27-14-031-01,machine,00913,Кўчма битум қозонлари 400 л ҳажмли,маш.-с,"13,6"
52,6,27-14-031-01,machine,01771,Йўл устаси машинаси,маш.-с,"13,6"
52,8,27-14-031-01,material,30118,"Суюқ йўл нефть битумлари, МГ ва СГ турдаги",Т,"0,031"
52,9,27-14-031-01,material,41685,Қора чақиқтош,Т,"7,02"
53,2,27-14-032-01,labor_worker,1,Қурувчи ишчилар меҳнати харажатлари,киши-с,"32,13"
53,2,27-14-032-02,labor_worker,1,Қурувчи ишчилар меҳнати харажатлари,киши-с,"43,26"
53,3,27-14-032-01,labor_operator,2,Машинистлар меҳнати харажатлари,киши-с,"10,71"
53,3,27-14-032-02,labor_operator,2,Машинистлар меҳнати харажатлари,киши-с,"14,42"
53,5,27-14-032-01,machine,1771,Йўл устаси машинаси,маш.-с,"10,71"
53,5,27-14-032-02,machine,1771,Йўл устаси машинаси,маш.-с,"14,42"
53,7,27-14-032-01,material,9249,Шағал,М3,"9,92"
53,7,27-14-032-02,material,9249,Шағал,М3,-
53,8,27-14-032-01,material,43113,Чақиқтош,М3,-
53,8,27-14-032-02,material,43113,Чақиқтош,М3,"10,1"
54,2,27-14-033-01,labor_operator,2,Машинистлар меҳнати харажатлари,киши-с,"4,1"
54,4,27-14-033-01,machine,1770,Комбинациялашган йўл машиналари,маш.-с,"4,1"
55,2,27-14-034-01,labor_operator,2,Машинистлар меҳнати харажатлари,киши-с,"0,15"
55,4,27-14-034-01,machine,107,Автогрейдер ўртача турдаги 99 кВт (135 о. к.),маш.-с,"0,15"
56,2,27-14-035-01,labor_operator,2,Машинистлар меҳнати харажатлари,киши-с,"16,06"
56,4,27-14-035-01,machine,107,Автогрейдер ўртача турдаги 99 кВт (135 о. к.),маш.-с,"0,21"
56,5,27-14-035-01,machine,621,Ўзиюрар силлиқ йўл катоги 8 т,маш.-с,"13,68"
56,6,27-14-035-01,machine,1770,Комбинациялашган йўл машиналари,маш.-с,"0,98"
56,7,27-14-035-01,machine,1834,Бошқа турдаги қурилиш ишлари учун занжирли тракторлар 59 кВт (80 о.к.),маш.-с,"1,19"
56,8,27-14-035-01,machine,3322,Уланма майдалагич (тракторсиз),маш.-с,"1,19"
56,10,27-14-035-01,material,09219,Сув,м3,9
57,2,27-14-036-01,labor_operator,2,Машинистлар меҳнати харажатлари,киши-с,"18,22"
57,2,27-14-036-02,labor_operator,2,Машинистлар меҳнати харажатлари,киши-с,"14,23"
57,4,27-14-036-01,machine,00107,Автогрейдер ўртача турдаги 99 кВт (135 о. к.),маш.-с,"2,37"
57,4,27-14-036-02,machine,00107,Автогрейдер ўртача турдаги 99 кВт (135 о. к.),маш.-с,"2,37"
57,5,27-14-036-01,machine,00621,Ўзиюрар силлиқ йўл катоги 8 т,маш.-с,"13,68"
57,5,27-14-036-02,machine,00621,Ўзиюрар силлиқ йўл катоги 8 т,маш.-с,"7,25"
57,6,27-14-036-01,machine,01770,Комбинациялашган йўл машиналари,маш.-с,"0,98"
57,6,27-14-036-02,machine,01770,Комбинациялашган йўл машиналари,маш.-с,"3,42"
57,7,27-14-036-01,machine,01834,Бошқа турдаги қурилиш ишлари учун занжирли тракторлар 59 кВт (80 о.к.),маш.-с,"1,19"
57,7,27-14-036-02,machine,01834,Бошқа турдаги қурилиш ишлари учун занжирли тракторлар 59 кВт (80 о.к.),маш.-с,"1,19"
57,8,27-14-036-01,machine,03322,Уланма юмшатгич (тракторсиз),маш.-с,"1,19"
57,8,27-14-036-02,machine,03322,Уланма юмшатгич (тракторсиз),маш.-с,"1,19"
57,10,27-14-036-01,material,09219,Сув,м3,9
57,10,27-14-036-02,material,09219,Сув,м3,31
57,11,27-14-036-01,material,9249,Шағал,м3,15
57,11,27-14-036-02,material,9249,Шағал,м3,-
57,12,27-14-036-01,material,43113,Чақиқтош,м3,-
57,12,27-14-036-02,material,43113,Чақиқтош,м3,15
58,2,27-14-036-01,labor_operator,2,Машинистлар меҳнати харажатлари,киши-с,
58,2,27-14-036-02,labor_operator,2,Машинистлар меҳнати харажатлари,киши-с,
58,4,27-14-036-01,labor_operator,—,Машинистлар меҳнати харажатлари,киши-с,
58,4,27-14-036-02,labor_operator,—,Машинистлар меҳнати харажатлари,киши-с,10 (иш вақти)
58,5,27-14-036-01,machine,00107,КДМ автомашинаси,маш.-с,
58,5,27-14-036-02,machine,00107,КДМ автомашинаси,маш.-с,"1,5"
58,6,27-14-036-01,machine,00621,Боғловчиларни сепиш учун Автогудронатор,маш.-с,
58,6,27-14-036-02,machine,00621,Боғловчиларни сепиш учун Автогудронатор,маш.-с,2
58,7,27-14-036-01,machine,01770,Шебенни тарқатувчи машина,маш.-с,
58,7,27-14-036-02,machine,01770,Шебенни тарқатувчи машина,маш.-с,1
58,8,27-14-036-01,machine,01834,Автосамосвал,маш.-с,
58,8,27-14-036-02,machine,01834,Автосамосвал,маш.-с,"1,5"
58,9,27-14-036-01,machine,03322,Зичлагич Каток,маш.-с,
58,9,27-14-036-02,machine,03322,Зичлагич Каток,маш.-с,2
58,10,27-14-036-01,machine,—,Погрузчик,маш.-с,
58,10,27-14-036-02,machine,—,Погрузчик,маш.-с,1
58,13,27-14-036-01,material,9249,Битум эмулсияси,тн,
58,13,27-14-036-02,material,9249,Битум эмулсияси,тн,"0,76"
58,14,27-14-036-01,material,43113,Чақиқ тош (Шебень),м³,
58,14,27-14-036-02,material,43113,Чақиқ тош (Шебень),м³,"20,"
59,2,27-14-037-01,labor_operator,2,Машинистлар меҳнати харажатлари,киши-с,"0,61"
59,4,27-14-037-01,machine,1770,Комбинациялашган йўл машиналари,маш.-с,"0,61"
59,6,27-14-037-01,material,34251,"Суюқ хлорли кальций, I нав",т,"12,86"
60,2,27-14-041-01,labor_worker,1,Қурувчи ишчилар меҳнати харажатлари,киши-с,"2,36"
60,3,27-14-041-01,labor_operator,2,Машинистлар меҳнати харажатлари,киши-с,"1,18"
60,5,27-14-041-01,machine,01770,Комбинациялашган йўл машиналари,маш.-с,"1,18"
60,7,27-14-041-01,material,09219,Сув,М3,"0,0135"
60,8,27-14-041-01,material,43111,Қум,Т,"0,04"
60,9,27-14-041-01,material,44849,Цемент маркаси лойиҳа бўйича,Т,"0,02"
61,2,27-14-042-01,labor_worker,1,Қурувчи ишчилар меҳнати харажатлари,киши-с,"41,2"
61,3,27-14-042-01,labor_operator,2,Машинистлар меҳнати харажатлари,киши-с,"20,6"
61,5,27-14-042-01,machine,01770,Комбинациялашган йўл машиналари,маш.-с,"20,6"
61,7,27-14-042-01,material,09219,Сув,м3,"0,161"
61,8,27-14-042-01,material,35516,Чипта қоп,m2,10
61,9,27-14-042-01,material,43111,Қум,м3,"0,318"
61,10,27-14-042-01,material,44849,Цемент маркаси лойиҳа бўйича,т,"0,224"
62,2,27-14-046-01,labor_worker,1,Қурувчи ишчилар меҳнати харажатлари,киши-с,"41,82"
62,2,27-14-046-02,labor_worker,1,Қурувчи ишчилар меҳнати харажатлари,киши-с,"56,66"
62,3,27-14-046-01,labor_operator,2,Машинистлар меҳнати харажатлари,киши-с,"20,91"
62,3,27-14-046-02,labor_operator,2,Машинистлар меҳнати харажатлари,киши-с,"28,33"
62,5,27-14-046-01,machine,01771,Йўл устаси машинаси,маш.-с,"20,91"
62,5,27-14-046-02,machine,01771,Йўл устаси машинаси,маш.-с,"28,33"
62,7,27-14-046-01,material,31434,Грунтовка,т,"0,0008"
62,7,27-14-046-02,material,31434,Грунтовка,т,"0,00965"
62,8,27-14-046-01,material,31520,Эритувчи,т,"0,0006"
62,8,27-14-046-02,material,31520,Эритувчи,т,"0,0064"
62,9,27-14-046-01,material,41109,Ишлатишга тайёр эмаль бўёқлар,т,"0,0052"
62,9,27-14-046-02,material,41109,Ишлатишга тайёр эмаль бўёқлар,т,"0,0127"
63,2,27-14-048-01,labor_worker,1,Қурувчи ишчилар меҳнати харажатлари,киши-с,"23,69"
63,2,27-14-048-02,labor_worker,1,Қурувчи ишчилар меҳнати харажатлари,киши-с,"91,67"
63,3,27-14-048-01,labor_operator,2,Машинистлар меҳнати харажатлари,киши-с,"23,69"
63,3,27-14-048-02,labor_operator,2,Машинистлар меҳнати харажатлари,киши-с,"91,67"
63,5,27-14-048-01,machine,1771,Йўл устаси машинаси,маш.-с,"23,69"
63,5,27-14-048-02,machine,1771,Йўл устаси машинаси,маш.-с,-
63,6,27-14-048-01,machine,10,Автогидроподъемник 12 м гача баландликка кўтаради,маш.-с,-
63,6,27-14-048-02,machine,10,Автогидроподъемник 12 м гача баландликка кўтаради,маш.-с,"91,67"
63,8,27-14-048-01,material,30419,Йўл белгилари қалқонлари,д,100
63,8,27-14-048-02,material,30419,Йўл белгилари қалқонлари,д,100
63,9,27-14-048-01,material,41085,Болт гайкалари билан,Кг,13
63,9,27-14-048-02,material,41085,Болт гайкалари билан,Кг,13
64,2,27-14-049-01,labor_worker,1,Қурувчи ишчилар меҳнати харажатлари,киши-с,"299,74"
64,3,27-14-049-01,labor_operator,2,Машинистлар меҳнати харажатлари,киши-с,"149,87"
64,5,27-14-049-01,machine,01771,Йўл устаси машинаси,маш.-с,"149,87"
64,7,27-14-049-01,material,09219,Сув,м3,"1,301"
64,8,27-14-049-01,material,43111,Қум,м3,"3,47"
64,9,27-14-049-01,material,44849,Цемент маркаси лойиҳа бўйича,т,"2,054"
64,10,27-14-049-01,material,43113,Чақиқтош,м3,"3,76"
64,11,27-14-049-01,material,41610,Металл устунлар,д,100
64,12,27-14-049-01,material,30972,"Ташқи бўёқ ишлари учун қора бўёқ, МА-015, ПФ-014 маркали",т,"0,00216"
64,13,27-14-049-01,material,30996,"Ёғли ва алкидли бўёқлар, ишлатиш учун тайёр, рухли белила ПФ-14",т,"0,0093"
65,2,27-14-050-01,labor_worker,1,Қурувчи ишчилар меҳнати харажатлари,киши-с,"192,61"
65,2,27-14-050-02,labor_worker,1,Қурувчи ишчилар меҳнати харажатлари,киши-с,"161,71-"
65,3,27-14-050-01,labor_operator,2,Машинистлар меҳнати харажатлари,киши-с,"83,43"
65,3,27-14-050-02,labor_operator,2,Машинистлар меҳнати харажатлари,киши-с,"67,98"
65,5,27-14-050-01,machine,01771,Йўл устаси машинаси,маш.-с,"83,43"
65,5,27-14-050-02,machine,01771,Йўл устаси машинаси,маш.-с,"67,98"
65,7,27-14-050-01,material,30972,"Ташқи бўёқ ишлари учун қора бўёқ, МА-015, ПФ-014 маркали",т,"0,00172"
65,7,27-14-050-02,material,30972,"Ташқи бўёқ ишлари учун қора бўёқ, МА-015, ПФ-014 маркали",т,"0,00172"
65,8,27-14-050-01,material,30996,"Ёғли ва алкидли бўёқлар, ишлатиш учун тайёр, рухли белила ПФ-14",т,"0,0274"
65,8,27-14-050-02,material,30996,"Ёғли ва алкидли бўёқлар, ишлатиш учун тайёр, рухли белила ПФ-14",т,"0,0274"
65,9,27-14-050-01,material,30153,"Суюқ йўл нефть битумлари, МГ, СГ турдаги",т,"0,06"
65,9,27-14-050-02,material,30153,"Суюқ йўл нефть битумлари, МГ, СГ турдаги",т,"0,06"
65,10,27-14-050-01,material,34035,Уайт-спирит,т,"0,0002"
65,10,27-14-050-02,material,34035,Уайт-спирит,т,"0,0002"
65,11,27-14-050-01,material,35550,"Фольга алюминийдан, техник мақсадлар учун, юмшоқ, рулонли, қалинлиги 0,1 мм",т,"0,00055"
65,11,27-14-050-02,material,35550,"Фольга алюминийдан, техник мақсадлар учун, юмшоқ, рулонли, қалинлиги 0,1 мм",т,"0,00055"
65,12,27-14-050-01,material,41647,Эпоксид клей,кг,"0,54"
65,12,27-14-050-02,material,41647,Эпоксид клей,кг,"0,54"
65,13,27-14-050-01,material,41757,Темирбетон огоҳлантирувчи устунчалар,м3,"3,3"
65,13,27-14-050-02,material,41757,Темирбетон огоҳлантирувчи устунчалар,м3,"3,3"
66,2,27-14-052-02,labor_worker,1,Қурувчи ишчилар меҳнати харажатлари,киши-с,"13,7"
66,3,27-14-052-02,labor_operator,2,Машинистлар меҳнати харажатлари,киши-с,"6,85"
66,5,27-14-052-02,machine,01771,Йўл устаси машинаси,маш.-с,"6,85"
66,7,27-14-052-02,material,31434,Грунтовка,т,"0,00584"
66,8,27-14-052-02,material,31520,Эритувчи,т,"0,00088"
66,9,27-14-052-02,material,34035,Уайт-спирит,т,"0,0132"
66,10,27-14-052-02,material,41109,Ишлатиш учун тайёр эмаль бўёқлар,т,"0,0071"
66,11,27-14-052-02,material,44059,Латта,кг,"0,15"
67,2,27-14-053-01,labor_worker,1,Қурувчи ишчилар меҳнати харажатлари,киши-с,"5,76"
67,2,27-14-053-02,labor_worker,1,Қурувчи ишчилар меҳнати харажатлари,киши-с,"5,76"
67,2,27-14-053-03,labor_worker,1,Қурувчи ишчилар меҳнати харажатлари,киши-с,"6,38"
67,3,27-14-053-01,labor_operator,2,Машинистлар меҳнати харажатлари,киши-с,"2,88"
67,3,27-14-053-02,labor_operator,2,Машинистлар меҳнати харажатлари,киши-с,"2,88"
67,3,27-14-053-03,labor_operator,2,Машинистлар меҳнати харажатлари,киши-с,"3,19"
67,5,27-14-053-01,machine,01771,Йўл устаси машинаси,маш.-с,"2,88"
67,5,27-14-053-02,machine,01771,Йўл устаси машинаси,маш.-с,"2,88"
67,5,27-14-053-03,machine,01771,Йўл устаси машинаси,маш.-с,"3,19"
67,7,27-14-053-01,material,30972,"Ташқи бўёқ ишлари учун қора бўёқ, МА-015,ПФ-014 маркали",Т,"0,00254"
67,7,27-14-053-02,material,30972,"Ташқи бўёқ ишлари учун қора бўёқ, МА-015,ПФ-014 маркали",Т,"0,00513"
67,7,27-14-053-03,material,30972,"Ташқи бўёқ ишлари учун қора бўёқ, МА-015,ПФ-014 маркали",Т,"0,00286"
67,8,27-14-053-01,material,30996,"Ёғли ва алкидли бўёқлар, ишлатиш учун тайёр, рухли белила ПФ-14",Т,"0,00456"
67,8,27-14-053-02,material,30996,"Ёғли ва алкидли бўёқлар, ишлатиш учун тайёр, рухли белила ПФ-14",Т,"0,00813"
67,8,27-14-053-03,material,30996,"Ёғли ва алкидли бўёқлар, ишлатиш учун тайёр, рухли белила ПФ-14",Т,"0,00686"
68,2,27-14-054-01,labor_worker,1,Қурувчи ишчилар меҳнати харажатлари,киши-с,"90,7"
68,3,27-14-054-01,labor_operator,2,Машинистлар меҳнати харажатлари,киши-с,"25,92"
68,5,27-14-054-01,machine,01771,Йўл устаси машинаси,маш.-с,"12,96"
68,6,27-14-054-01,machine,00128,"Кўчма пайвандлаш агрегати, пайвандлашда номинал ток 250-400 А, дизель двигателли",маш.-с,"12,96"
68,7,27-14-054-01,machine,00761,"Бошқа турдаги қурилиш ишларидаги автомобиль крани 6,3 т",маш.-с,"12,96"
68,9,27-14-054-01,material,35310,Электродлар диаметри 4 мм Э42,Т,"0,00154"
68,10,27-14-054-01,material,41085,Болт гайкалари билан,кг,"28,6"
69,2,27-14-055-01,labor_worker,1,Қурувчи ишчилар меҳнати харажатлари,киши-с,"119,48"
69,3,27-14-055-01,labor_operator,2,Машинистлар меҳнати харажатлари,киши-с,"49,54"
69,5,27-14-055-01,machine,01771,Йўл устаси машинаси,маш.-ч,"29,15"
69,6,27-14-055-01,machine,00761,"Бошқа турдаги қурилиш ишларидаги автомобиль крани 6,3 т",маш.-ч,"20,39"
69,8,27-14-055-01,material,41085,Болт-гайкалар,кг,47
69,9,27-14-055-01,material,23469,Сув,м3,"0,46"
69,10,27-14-055-01,material,32506,"Рухланган поковка, массаси 1,8 кг",т,"0,0302"
69,11,27-14-055-01,material,44849,Цемент,т,"0,79"
69,12,27-14-055-01,material,43111,Қум,м3,"1,79"
69,13,27-14-055-01,material,45066,Йиғма темирбетон конструкциялар,м3,"3,39"
69,14,27-14-055-01,material,58117,Темирбетон устунлар (тури лойиҳа бўйича),м3,"3,73"
70,2,27-14-056-01,labor_worker,1,Қурувчи ишчилар меҳнати харажатлари,киши-с,"9,74"
70,3,27-14-056-01,labor_operator,2,Машинистлар меҳнати харажатлари,киши-с,"4,87"
70,5,27-14-056-01,machine,01771,Йўл устаси машинаси,маш.-ч,"4,87"
70,7,27-14-056-01,material,31085,Ташқи ишларга ишлатишга тайёр ёғли бўёқлар,т,"0,00687"
71,2,27-14-057-01,labor_worker,1,Қурувчи ишчилар меҳнати харажатлари,киши-с,"11,12"
71,3,27-14-057-01,labor_operator,2,Машинистлар меҳнати харажатлари,киши-с,"2,78"
71,5,27-14-057-01,machine,01771,Йўл устаси машинаси,маш.-ч,"2,78"
71,7,27-14-057-01,material,30422,Пўлат симлар,10м,"10,70"
71,8,27-14-057-01,material,32506,"Рухланган поковка, массаси 1,8 kg",т,"0,00258"
72,2,27-14-059-01,labor_worker,1,Қурувчи ишчилар меҳнати харажатлари,киши-с,"1,7"
72,3,27-14-059-01,labor_operator,2,Машинистлар меҳнати харажатлари,киши-с,"1,7"
72,5,27-14-059-01,machine,01770,Комбинациялашган йўл машиналари,маш.-с,"1,7"
72,7,27-14-059-01,material,09219,Сув,м3,"0,2"
73,2,27-14-060-01,labor_worker,1,Қурувчи ишчилар меҳнати харажатлари,киши-с,"7,24"
73,3,27-14-060-01,labor_operator,2,Машинистлар меҳнати харажатлари,киши-с,"3,62"
73,5,27-14-060-01,machine,01771,Йўл устаси машинаси,маш.-с,"3,62"
73,6,27-14-060-01,machine,01436,Краскопульт қўл жиҳози,маш.-с,"3,62"
73,8,27-14-060-01,material,41109,Ишлатишга тайёр эмаль бўёқлар,т,"0,0394"
74,2,27-14-061-01,labor_worker,1,Қурувчи ишчилар меҳнати харажатлари,киши-с,"60,78"
74,3,27-14-061-01,labor_operator,2,Машинистлар меҳнати харажатлари,киши-с,"30,39"
74,5,27-14-061-01,machine,01770,Комбинациялашган йўл машиналари,маш.-с,"30,39"
74,7,27-14-061-01,material,09219,Сув,М3,"0,371"
74,8,27-14-061-01,material,43111,Қум,М3,"1,43"
74,9,27-14-061-01,material,44849,Цемент маркаси лойиҳа бўйича,т,"0,632"
75,2,27-14-063-01,labor_worker,1,Қурувчи ишчилар меҳнати харажатлари,киши-с,"45,31"
75,3,27-14-063-01,labor_operator,2,Машинистлар меҳнати харажатлари,киши-с,"12,94"
75,5,27-14-063-01,machine,00619,"Ўзиюрар титратма йўл катоклари 2,2 т",маш.-с,"6,47"
75,6,27-14-063-01,machine,00913,Кўчма битум қозонлари 400 л ҳажмли,маш.-с,"6,47"
75,7,27-14-063-01,machine,01771,Йўл устаси машинаси,маш.-с,"6,47"
75,9,27-14-063-01,material,30118,"Суюқ йўл нефть битумлари, МГ ва СГ турдаги",т,"0,053"
75,10,27-14-063-01,material,45059,Асфальтбетон қоришма,т,"6,89"
76,2,27-14-064-01,labor_worker,1,Қурувчи ишчилар меҳнати харажатлари,киши-с,"0,41"
76,3,27-14-064-01,labor_operator,2,Машинистлар меҳнати харажатлари,киши-с,"0,41"
76,5,27-14-064-01,machine,01771,Йўл устаси машинаси,маш.-с,"0,41"
76,7,27-14-064-01,material,30407,Қурилиш михлари,т,"0,00034"
76,8,27-14-064-01,material,36108,"Игнабаргли дарахт тахтаси,узунлиги 2-3,75 m, эни 75-150 mm, қалинлиги 19-22 mm, II нав",м3,"0,02"
77,2,27-14-065-01,labor_worker,1,Қурувчи ишчилар меҳнати харажатлари,киши-с,"2,48"
77,2,27-14-065-02,labor_worker,1,Қурувчи ишчилар меҳнати харажатлари,киши-с,"4,64"
77,3,27-14-065-01,labor_operator,2,Машинистлар меҳнати харажатлари,киши-с,"1,24"
77,3,27-14-065-02,labor_operator,2,Машинистлар меҳнати харажатлари,киши-с,"2,32"
77,5,27-14-065-01,machine,01771,Йўл устаси машинаси,маш.-с,"1,24"
77,5,27-14-065-02,machine,01771,Йўл устаси машинаси,маш.-с,"2,32"
77,7,27-14-065-01,material,31085,Ташқаридаги ишлар учун ишлатишга тайёр ёғли бўёқлар,т,"0,0017"
77,7,27-14-065-02,material,31085,Ташқаридаги ишлар учун ишлатишга тайёр ёғли бўёқлар,т,"0,00289"
78,2,27-14-066-01,labor_worker,1,Қурувчи ишчилар меҳнати харажатлари,киши-с,"25,75"
78,2,27-14-066-02,labor_worker,1,Қурувчи ишчилар меҳнати харажатлари,киши-с,25
78,2,27-14-066-03,labor_worker,1,Қурувчи ишчилар меҳнати харажатлари,киши-с,47
78,2,27-14-066-04,labor_worker,1,Қурувчи ишчилар меҳнати харажатлари,киши-с,52
78,3,27-14-066-01,labor_operator,2,Машинистлар меҳнати харажатлари,киши-с,"25,75"
78,3,27-14-066-02,labor_operator,2,Машинистлар меҳнати харажатлари,киши-с,25
78,3,27-14-066-03,labor_operator,2,Машинистлар меҳнати харажатлари,киши-с,47
78,3,27-14-066-04,labor_operator,2,Машинистлар меҳнати харажатлари,киши-с,52
78,5,27-14-066-01,machine,01771,Йўл устаси машинаси,маш.-с,"25,75"
78,5,27-14-066-02,machine,01771,Йўл устаси машинаси,маш.-с,25
78,5,27-14-066-03,machine,01771,Йўл устаси машинаси,маш.-с,47
78,5,27-14-066-04,machine,01771,Йўл устаси машинаси,маш.-с,52
78,7,27-14-066-01,material,34035,Уайт-спирит,т,"0,0002"
78,7,27-14-066-02,material,34035,Уайт-спирит,т,"0,00097"
78,7,27-14-066-03,material,34035,Уайт-спирит,т,"0,00042"
78,7,27-14-066-04,material,34035,Уайт-спирит,т,"0,00111"
78,8,27-14-066-01,material,35550,"Фольга алюминийдан, техник мақсадлар учун,юмшоқ, рулонли қалинлиги 0,1 мм",т,"0,00055"
78,8,27-14-066-02,material,35550,"Фольга алюминийдан, техник мақсадлар учун,юмшоқ, рулонли қалинлиги 0,1 мм",т,-
78,8,27-14-066-03,material,35550,"Фольга алюминийдан, техник мақсадлар учун,юмшоқ, рулонли қалинлиги 0,1 мм",т,-
78,8,27-14-066-04,material,35550,"Фольга алюминийдан, техник мақсадлар учун,юмшоқ, рулонли қалинлиги 0,1 мм",т,-
78,9,27-14-066-01,material,41647,Эпоксид клей,кг,"0,54"
78,9,27-14-066-02,material,41647,Эпоксид клей,кг,"2,63"
78,9,27-14-066-03,material,41647,Эпоксид клей,кг,"1,13"
78,9,27-14-066-04,material,41647,Эпоксид клей,кг,3
78,10,27-14-066-01,material,61524,"Йўл белгилари учун пленка, орқа томонига клей суртилмаган",1000m2,-
78,10,27-14-066-02,material,61524,"Йўл белгилари учун пленка, орқа томонига клей суртилмаган",1000m2,"0,007"
78,10,27-14-066-03,material,61524,"Йўл белгилари учун пленка, орқа томонига клей суртилмаган",1000m2,"0,003"
78,10,27-14-066-04,material,61524,"Йўл белгилари учун пленка, орқа томонига клей суртилмаган",1000m2,"0,008"
79,2,27-14-067-01,labor_worker,1,Қурувчи ишчилар меҳнати харажатлари,киши-с,"13,77"
79,3,27-14-067-01,labor_operator,2,Машинистлар меҳнати харажатлари,киши-с,"13,77"
79,5,27-14-067-01,machine,01771,Йўл устаси машинаси,маш.-ч,"13,77"
79,7,27-14-067-01,material,30421,Барьер тўсиқлар учун нурқайтарувчи элементлар,д,100
79,8,27-14-067-01,material,41085,Болт гайкалари билан,кг,10
80,2,27-14-068-01,labor_worker,1,Қурувчи ишчилар меҳнати харажатлари,киши-с,"0,62"
80,2,27-14-068-02,labor_worker,1,Қурувчи ишчилар меҳнати харажатлари,киши-с,"0,84"
80,3,27-14-068-01,labor_operator,2,Машинистлар меҳнати харажатлари,киши-с,"0,31"
80,3,27-14-068-02,labor_operator,2,Машинистлар меҳнати харажатлари,киши-с,"0,42"
80,5,27-14-068-01,machine,00101,"Автогидроподъемник, кўтариш баландлиги 12 м",маш.-ч,"0,31"
80,5,27-14-068-02,machine,00101,"Автогидроподъемник, кўтариш баландлиги 12 м",маш.-ч,"0,42"
80,7,27-14-068-01,material,46086,Люминесцент лампалар,д,"1,02"
80,7,27-14-068-02,material,46086,Люминесцент лампалар,д,"2,04"
81,2,27-14-069-01,labor_worker,1,Қурувчи ишчилар меҳнати харажатлари,киши-с,"3,44"
81,3,27-14-069-01,labor_operator,2,Машинистлар меҳнати харажатлари,киши-с,"0,8"
81,5,27-14-069-01,machine,00101,"Автогидроподъемник, кўтариш баландлиги 12 м",маш.-с,"0,8"
81,7,27-14-069-01,material,30322,Қурилиш болт- гайка ва шайбалари,т,"0,00004"
81,8,27-14-069-01,material,44519,Люминесцент ёки симоб лампали чироқлар,д,1
82,2,27-14-071-01,labor_worker,1,Қурувчи ишчилар меҳнати харажатлари,киши-с,-
82,3,27-14-071-01,labor_operator,2,Машинистлар меҳнати харажатлари,киши-с,"0,033"
82,5,27-14-071-01,machine,01682,Автомобиль базасидаги плугли қортозалагичлар,маш.-с,"0,033"
83,2,27-14-072-01,labor_operator,2,Машинистлар меҳнати харажатлари,киши-с,"0,08"
83,4,27-14-072-01,machine,1682,Автомобиль базасидаги плугли қортозалагичлар,маш.-ч,"0,08"
84,2,27-14-073-01,labor_operator,2,Машинистлар меҳнати харажатлари,киши-с,"0,044"
84,4,27-14-073-01,machine,01859,Бошқа турдаги қурилиш ишлари учун пневмоғилдиракли тракторлар 158 кВт (215 о.к.),маш.-с,"0,044"
85,2,27-14-074-01,labor_operator,2,Машинистлар меҳнати харажатлари,киши-с,"0,077"
85,4,27-14-074-01,machine,01859,Бошқа турдаги қурилиш ишлари учун пневмоғилдиракли тракторлар 158 кВт (215 о.к.),маш.-с,"0,077"
86,2,27-14-075-01,labor_operator,2,Машинистлар меҳнати харажатлари,киши-с,"0,085"
86,4,27-14-075-01,machine,00107,Автогрейдер ўртача турдаги 99 кВт (135 л.с.),маш.-с,"0,085"
87,2,27-14-077-01,labor_operator,2,Машинистлар меҳнати харажатлари,киши-с,"0,163"
87,4,27-14-077-01,machine,00258,Бошқа турдаги қурилиш ишлари учун бульдозерлар 79 кВт (108 л.с.),маш.-с,"0,163"
88,2,27-14-078-01,labor_operator,2,Машинистлар меҳнати харажатлари,киши-с,"0,29"
88,4,27-14-078-01,machine,00258,Бошқа турдаги қурилиш ишлари учун бульдозерлар 79 кВт (108 л.с.),маш.-с,"0,29"
89,2,27-14-079-01,labor_operator,2,Машинистлар меҳнати харажатлари,киши-с,"0,08"
89,4,27-14-079-01,machine,01770,Комбинациялашган йўл машиналари,маш.-с,"0,072"
89,5,27-14-079-01,machine,03006,Универсал фронтал бир ковшли пневмоғилдиракли юклагичлар 2 т,маш.-с,"0,008"
90,2,27-14-080-01,labor_operator,2,Машинистлар меҳнати харажатлари,киши-с,"0,604"
90,4,27-14-080-01,machine,01770,Комбинациялашган йўл машиналари,маш.-с,"0,604"
91,2,27-14-081-01,labor_operator,2,Машинистлар меҳнати харажатлари,киши-с,"0,396"
91,4,27-14-081-01,machine,00258,Бошқа турдаги қурилиш ишлари учун бульдозерлар 79 кВт (108 л.с.),маш.-с,"0,396"
92,2,27-14-082-01,labor_worker,1,Қурувчи ишчилар меҳнати харажатлари,киши-с,"20,36"
93,2,27-14-083-01,labor_worker,1,Қурувчи ишчилар меҳнати харажатлари,киши-с,"17,69"
93,4,27-14-083-01,material,30407,Қурилиш михлари,т,"0,0031"
93,5,27-14-083-01,material,40861,Игна баргли антисептирланмаган қорга қарши тахта тўсиқлар,т,"1,002"
94,2,27-14-084-01,labor_worker,1,Қурувчи ишчилар меҳнати харажатлари,киши-с,"2,13"
95,2,27-14-085-01,labor_worker,1,Қурувчи ишчилар меҳнати харажатлари,киши-с,"0,73"
95,2,27-14-085-02,labor_worker,1,Қурувчи ишчилар меҳнати харажатлари,киши-с,"1,25"
96,2,27-14-086-01,labor_worker,1,Қурувчи ишчилар меҳнати харажатлари,киши-с,"33,39"
96,4,27-14-086-01,material,30407,Қурилиш михлари,т,"0,012"
96,5,27-14-086-01,material,36113,"Игнабаргли дарахт тахтаси,узунлиги 2-3,75 м, эни 75-150 мм, қалинлиги 25 мм, III нав",М3,"7,05"
97,2,27-14-083-01,labor_worker,1,Қурувчи ишчилар меҳнати харажатлари,киши-с,"0,27"
98,2,27-14-026-01,labor_worker,1,Қурувчи ишчилар меҳнати харажатлари,киши-с,"93,57"
98,2,27-14-026-02,labor_worker,1,Қурувчи ишчилар меҳнати харажатлари,киши-с,"28,9"
